코드명,코스피,Size & Book Value(2X3) HML,Size & Book Value(2X3) SMB,Size & Momentum(2X3) Mom,ECO
1999-12-28,"1,028.07",70.88,150.38,42.20,7.34
2000-01-31,943.88,77.47,146.14,39.62,7.20
2000-02-29,828.38,66.48,220.03,51.90,7.01
2000-03-31,860.94,71.84,237.63,59.67,7.01
2000-04-28,725.39,72.85,227.93,57.50,7.10
2000-05-31,731.88,65.48,212.38,57.38,7.16
2000-06-30,821.22,63.61,190.43,53.35,7.18
2000-07-31,705.97,71.60,213.14,50.75,7.06
2000-08-31,688.62,75.40,230.81,47.90,7.05
2000-09-29,613.22,80.45,240.29,41.63,7.05
2000-10-31,514.48,77.84,254.74,43.13,7.02
2000-11-30,509.23,80.59,263.79,45.26,6.94
2000-12-26,504.62,85.79,233.14,47.33,6.87
2001-01-31,617.91,77.92,230.22,38.08,5.94
2001-02-28,578.10,85.33,260.87,41.34,5.68
2001-03-30,523.22,90.86,266.38,42.49,5.70
2001-04-30,577.36,83.35,248.64,41.38,5.92
2001-05-31,612.16,92.37,250.08,41.21,5.77
2001-06-29,595.13,102.87,255.66,45.39,5.57
2001-07-31,541.55,99.01,252.75,44.51,5.14
2001-08-31,545.11,105.70,235.13,47.21,4.81
2001-09-28,479.68,117.69,229.38,49.93,4.41
2001-10-31,537.81,106.12,242.51,48.72,4.38
2001-11-30,643.89,115.64,209.20,47.84,4.76
2001-12-28,693.70,116.05,192.98,49.71,4.86
2002-01-31,748.07,129.62,195.42,51.54,4.67
2002-02-28,819.99,133.52,181.90,54.43,4.45
2002-03-29,895.58,133.45,185.48,55.43,4.83
2002-04-30,842.34,133.62,170.45,56.93,4.72
2002-05-31,796.40,134.46,173.29,53.72,4.83
2002-06-28,742.72,139.82,165.24,58.28,4.91
2002-07-31,717.99,140.13,169.63,57.28,4.84
2002-08-30,736.40,141.18,169.83,55.55,4.80
2002-09-30,646.42,152.60,158.88,56.04,4.86
2002-10-31,658.92,145.97,162.00,59.21,4.94
2002-11-29,724.80,146.66,149.06,61.44,4.90
2002-12-30,627.55,151.78,148.02,61.38,4.90
2003-01-30,591.86,151.40,150.03,60.52,4.55
2003-02-28,575.43,160.56,148.92,62.03,4.53
2003-03-31,535.70,165.16,140.05,67.37,4.70
2003-04-30,599.35,164.27,139.64,61.70,4.54
2003-05-30,633.42,160.85,144.26,60.91,4.30
2003-06-30,669.93,154.88,143.12,58.43,4.30
2003-07-31,713.52,153.22,135.32,58.70,3.96
2003-08-29,759.47,165.84,123.47,62.51,3.85
2003-09-30,697.52,174.76,124.89,63.18,3.89
2003-10-31,782.36,178.58,110.49,67.40,4.05
2003-11-28,796.18,192.99,105.38,71.90,4.28
2003-12-30,810.71,195.50,102.53,73.83,4.36
2004-01-30,848.50,194.72,96.33,74.14,4.19
2004-02-27,883.42,199.62,91.11,76.97,4.00
2004-03-31,880.50,199.95,91.30,79.68,3.90
2004-04-30,862.84,200.87,98.49,79.00,3.90
2004-05-31,803.84,204.92,96.56,79.65,3.89
2004-06-30,785.79,214.12,93.19,80.45,3.93
2004-07-30,735.34,240.62,91.99,80.69,3.90
2004-08-31,803.57,237.38,89.51,78.42,3.52
2004-09-30,835.09,250.33,85.43,80.10,3.54
2004-10-29,834.84,263.64,83.05,85.36,3.53
2004-11-30,878.06,281.52,81.88,82.98,3.36
2004-12-30,895.92,270.09,84.20,81.25,3.43
2005-01-31,932.70,246.35,101.52,76.26,3.57
2005-02-28,"1,011.36",272.17,105.00,84.27,3.55
2005-03-31,965.68,279.95,101.26,81.83,3.54
2005-04-29,911.30,294.28,102.06,83.79,3.48
2005-05-31,970.21,273.72,106.50,82.26,3.52
2005-06-30,"1,008.16",288.20,112.47,91.44,3.54
2005-07-29,"1,111.29",299.82,116.97,90.99,3.49
2005-08-31,"1,083.33",303.83,110.89,89.69,3.51
2005-09-30,"1,221.01",325.64,112.07,94.37,3.93
2005-10-31,"1,158.11",324.82,126.04,95.57,3.95
2005-11-30,"1,297.44",324.45,133.98,100.67,3.95
2005-12-29,"1,379.37",331.05,124.98,97.87,4.09
2006-01-31,"1,399.83",323.26,120.38,95.04,4.18
2006-02-28,"1,371.59",325.34,120.48,94.39,4.26
2006-03-31,"1,359.60",338.98,118.23,93.91,4.27
2006-04-28,"1,419.73",359.70,115.24,96.33,4.36
2006-05-30,"1,317.70",357.26,113.50,94.24,4.36
2006-06-30,"1,295.15",352.57,110.11,93.60,4.59
2006-07-31,"1,297.82",360.23,105.91,97.48,4.64
2006-08-31,"1,352.74",362.78,103.45,92.65,4.68
2006-09-29,"1,371.41",367.44,106.71,92.81,4.59
2006-10-31,"1,364.55",381.28,106.22,96.19,4.58
2006-11-30,"1,432.21",404.27,108.40,97.05,4.67
2006-12-28,"1,434.46",422.43,104.11,98.85,4.86
2007-01-31,"1,360.23",428.06,106.72,99.67,4.96
2007-02-28,"1,417.34",432.70,106.56,102.88,4.94
2007-03-30,"1,452.55",444.73,109.66,104.73,4.94
2007-04-30,"1,542.24",469.94,109.10,111.15,5.00
2007-05-31,"1,700.91",533.74,111.01,121.08,5.06
2007-06-29,"1,743.60",532.90,111.27,117.62,5.00
2007-07-31,"1,933.27",580.05,106.92,124.33,5.10
2007-08-31,"1,873.24",593.37,105.81,130.74,5.29
2007-09-28,"1,946.48",602.94,100.50,139.27,5.35
2007-10-31,"2,064.85",574.51,88.30,151.10,5.35
2007-11-30,"1,906.00",570.74,87.60,138.98,5.60
2007-12-28,"1,897.13",573.14,86.88,132.80,5.82
2008-01-31,"1,624.68",624.67,91.03,120.22,5.50
2008-02-29,"1,711.62",612.25,91.80,137.68,5.18
2008-03-31,"1,703.99",599.28,89.95,139.08,5.38
2008-04-30,"1,825.47",624.76,85.15,132.76,5.36
2008-05-30,"1,852.02",636.60,85.77,135.42,5.36
2008-06-30,"1,674.92",653.70,88.44,132.44,5.37
2008-07-31,"1,594.67",663.66,85.91,132.22,5.68
2008-08-29,"1,474.24",724.60,81.36,134.64,5.79
2008-09-30,"1,448.06",695.92,77.79,141.25,5.83
2008-10-31,"1,113.06",722.70,70.36,158.40,5.98
2008-11-28,"1,076.07",690.06,72.40,149.71,5.45
2008-12-30,"1,124.47",679.77,72.35,133.94,3.93
2009-01-30,"1,162.11",668.40,74.02,125.90,2.96
2009-02-27,"1,063.03",661.19,81.40,129.41,2.49
2009-03-31,"1,206.26",655.73,81.76,123.92,2.43
2009-04-30,"1,369.36",653.69,89.39,114.55,2.41
2009-05-29,"1,395.89",663.94,90.91,114.86,2.41
2009-06-30,"1,390.07",694.01,87.78,114.47,2.41
2009-07-31,"1,557.29",738.53,83.14,108.51,2.41
2009-08-31,"1,591.85",752.49,83.38,115.05,2.57
2009-09-30,"1,673.14",778.02,77.61,115.11,2.75
2009-10-30,"1,580.69",780.45,77.75,111.63,2.79
2009-11-30,"1,555.60",779.24,76.29,110.40,2.79
2009-12-30,"1,682.77",763.82,77.88,116.23,2.86
2010-01-29,"1,602.43",755.35,79.48,111.65,2.88
2010-02-26,"1,594.58",745.75,83.12,112.77,2.88
2010-03-31,"1,692.85",784.26,81.46,117.36,2.78
2010-04-30,"1,741.56",825.05,81.36,126.19,2.45
2010-05-31,"1,641.25",840.58,81.34,131.54,2.45
2010-06-30,"1,698.29",849.91,78.53,131.33,2.46
2010-07-30,"1,759.33",876.74,77.34,126.97,2.63
2010-08-31,"1,742.75",864.53,75.78,125.72,2.66
2010-09-30,"1,872.81",893.86,72.22,126.07,2.66
2010-10-29,"1,882.95",905.90,76.52,132.16,2.66
2010-11-30,"1,904.63",921.30,71.55,133.63,2.80
2010-12-30,"2,051.00",947.54,68.78,130.10,2.80
2011-01-31,"2,069.73",947.68,68.85,136.04,3.05
2011-02-28,"1,939.30",920.66,70.48,137.14,3.17
2011-03-31,"2,106.70",931.53,67.00,149.12,3.39
2011-04-29,"2,192.36",924.20,64.08,161.35,3.42
2011-05-31,"2,142.47",956.82,62.56,166.23,3.46
2011-06-30,"2,100.69",961.27,62.74,164.16,3.57
2011-07-29,"2,133.21",962.56,67.18,163.91,3.59
2011-08-31,"1,880.11",965.84,69.26,168.63,3.59
2011-09-30,"1,769.65",924.34,67.18,170.11,3.58
2011-10-31,"1,909.03",904.67,67.95,166.62,3.57
2011-11-30,"1,847.51",903.23,70.53,170.68,3.55
2011-12-29,"1,825.74",913.23,74.75,168.00,3.55
2012-01-31,"1,955.79",927.00,73.43,155.76,3.54
2012-02-29,"2,030.25",947.21,79.02,150.25,3.54
2012-03-30,"2,014.04",952.36,77.00,154.42,3.55
2012-04-30,"1,981.99",962.50,74.84,165.11,3.54
2012-05-31,"1,843.47",955.59,75.87,164.86,3.54
2012-06-29,"1,854.01",958.31,78.13,165.00,3.54
2012-07-31,"1,881.99",966.49,75.80,166.80,3.20
2012-08-31,"1,905.12",944.83,79.20,168.48,3.16
2012-09-28,"1,996.21",965.56,79.76,169.29,3.09
2012-10-31,"1,912.06",998.33,81.71,173.98,2.85
2012-11-30,"1,932.90",991.20,79.52,181.57,2.85
2012-12-28,"1,997.05","1,031.31",75.76,171.24,2.89
2013-01-31,"1,961.94","1,073.48",79.79,168.02,2.84
2013-02-28,"2,026.49","1,064.77",80.87,175.66,2.82
2013-03-29,"2,004.89","1,074.33",85.71,179.69,2.81
2013-04-30,"1,963.95","1,097.77",92.40,198.98,2.81
2013-05-31,"2,001.05","1,083.04",93.75,185.55,2.69
2013-06-28,"1,863.32","1,094.26",90.17,183.57,2.69
2013-07-31,"1,914.03","1,119.45",91.99,179.93,2.66
2013-08-30,"1,926.36","1,139.15",88.49,173.95,2.66
2013-09-30,"1,996.96","1,154.74",87.18,172.12,2.66
2013-10-31,"2,030.09","1,139.18",84.98,176.72,2.65
2013-11-29,"2,044.87","1,150.51",82.26,181.43,2.65
2013-12-30,"2,011.34","1,193.74",80.36,181.49,2.66
2014-01-29,"1,941.15","1,188.39",85.33,183.76,2.65
2014-02-28,"1,979.99","1,201.93",87.33,188.46,2.65
2014-03-31,"1,985.61","1,209.52",90.44,191.78,2.65
2014-04-30,"1,961.79","1,223.09",94.55,195.26,2.65
2014-05-30,"1,994.96","1,226.95",94.16,202.15,2.65
2014-06-30,"2,002.21","1,264.56",92.70,209.81,2.65
2014-07-31,"2,076.12","1,337.96",90.86,209.17,2.65
2014-08-29,"2,068.54","1,344.19",94.31,216.85,2.40
2014-09-30,"2,020.09","1,314.81",98.00,226.37,2.35
2014-10-31,"1,964.43","1,292.54",98.72,229.46,2.14
2014-11-28,"1,980.78","1,283.95",96.68,215.81,2.13
2014-12-30,"1,915.59","1,249.99",99.51,210.83,2.13
2015-01-30,"1,949.26","1,190.09",104.13,222.40,2.12
2015-02-27,"1,985.80","1,232.54",110.54,218.38,2.10
2015-03-31,"2,041.03","1,241.45",116.91,227.59,1.85
2015-04-30,"2,127.17","1,244.60",118.32,231.80,1.80
2015-05-29,"2,114.80","1,177.00",126.02,250.52,1.80
2015-06-30,"2,074.20","1,156.37",130.02,272.49,1.65
2015-07-31,"2,030.16","1,144.50",132.99,280.19,1.64
2015-08-31,"1,941.49","1,143.14",130.09,273.95,1.63
2015-09-30,"1,962.81","1,176.23",133.76,256.43,1.59
2015-10-30,"2,029.47","1,164.86",134.35,253.41,1.57
2015-11-30,"1,991.97","1,150.69",133.78,262.13,1.66
2015-12-30,"1,961.31","1,158.53",135.89,259.93,1.67
2016-01-29,"1,912.06","1,129.11",133.22,270.01,1.65
2016-02-29,"1,916.66","1,212.84",134.14,250.83,1.63
2016-03-31,"1,995.85","1,240.16",138.18,243.12,1.61
2016-04-29,"1,994.15","1,234.04",142.92,236.87,1.61
2016-05-31,"1,983.40","1,195.08",144.15,245.38,1.56
2016-06-30,"1,970.35","1,184.24",144.80,246.29,1.37
2016-07-29,"2,016.19","1,243.43",152.45,241.24,1.36
2016-08-31,"2,034.65","1,302.61",145.57,245.84,1.34
2016-09-30,"2,043.63","1,317.21",151.04,248.38,1.34
2016-10-31,"2,008.19","1,417.80",143.78,243.09,1.39
2016-11-30,"1,983.48","1,491.70",142.60,249.03,1.52
2016-12-29,"2,026.46","1,499.55",147.49,248.03,1.52
2017-01-31,"2,067.57","1,535.69",145.00,256.40,1.49
2017-02-28,"2,091.64","1,548.12",139.56,243.86,1.49
2017-03-31,"2,160.23","1,558.78",138.76,249.37,1.45
2017-04-28,"2,205.44","1,532.07",135.73,246.34,1.41
2017-05-31,"2,347.38","1,544.11",130.64,240.29,1.38
2017-06-30,"2,391.79","1,579.01",130.80,254.01,1.38
2017-07-31,"2,402.71","1,630.92",126.39,262.79,1.39
2017-08-31,"2,363.19","1,596.86",128.33,263.10,1.38
2017-09-29,"2,394.47","1,567.60",119.32,272.63,1.38
2017-10-31,"2,523.43","1,497.87",114.01,258.43,1.40
2017-11-30,"2,476.37","1,434.86",118.67,257.54,1.64
2017-12-28,"2,467.49","1,395.10",117.33,261.28,1.66
2018-01-31,"2,566.46","1,344.76",125.05,263.29,1.65
2018-02-28,"2,427.36","1,346.10",126.23,262.43,1.65
2018-03-30,"2,445.85","1,276.30",129.94,272.18,1.65
2018-04-30,"2,515.38","1,328.77",135.23,260.31,1.65
2018-05-31,"2,423.01","1,355.37",140.96,262.15,1.65
2018-06-29,"2,326.13","1,320.17",132.60,252.82,1.65
2018-07-31,"2,295.26","1,361.83",133.33,242.28,1.65
2018-08-31,"2,322.88","1,309.02",133.96,251.79,1.65
2018-09-28,"2,343.07","1,314.01",132.53,254.38,1.65
2018-10-31,"2,029.69","1,425.27",123.81,232.03,1.70
2018-11-30,"2,096.86","1,393.34",128.50,235.30,1.90
2018-12-28,"2,041.04","1,442.36",127.77,233.11,1.93
2019-01-31,"2,204.85","1,499.17",133.32,224.41,1.86
2019-02-28,"2,195.44","1,446.80",130.62,216.23,1.89
2019-03-29,"2,140.67","1,423.85",135.21,222.10,1.90
2019-04-30,"2,203.59","1,416.95",137.79,217.32,1.84
2019-05-31,"2,041.74","1,461.58",143.95,225.70,1.84
2019-06-28,"2,130.62","1,514.03",145.97,225.96,1.78
2019-07-31,"2,024.55","1,528.81",139.14,224.42,1.50
2019-08-30,"1,967.79","1,536.09",140.99,229.37,1.49
2019-09-30,"2,063.05","1,567.80",138.93,223.72,1.55
2019-10-31,"2,083.48","1,434.35",136.16,209.60,1.44
2019-11-29,"2,087.96","1,486.20",135.36,207.11,1.53
2019-12-30,"2,197.67","1,467.80",132.37,213.86,1.53
2020-01-31,"2,119.01","1,405.13",134.12,223.26,1.42
2020-02-28,"1,987.01","1,363.93",132.81,229.74,1.41
2020-03-31,"1,754.64","1,148.24",128.70,229.62,1.10
2020-04-29,"1,947.56","1,181.53",137.35,218.71,1.10
2020-05-29,"2,029.60","1,140.32",142.65,220.67,0.81
2020-06-30,"2,108.33","1,057.99",136.86,234.73,0.79
2020-07-31,"2,249.37","1,066.78",139.85,238.07,0.78
2020-08-31,"2,326.17","1,059.18",138.66,243.36,0.63
2020-09-29,"2,327.89","1,088.86",145.79,231.75,0.63
2020-10-30,"2,267.15","1,153.78",145.90,221.37,0.63
2020-11-30,"2,591.34","1,171.70",143.45,219.29,0.66
2020-12-30,"2,873.47","1,162.67",135.77,223.29,0.66
2021-01-29,"2,976.21","1,224.81",132.71,223.95,0.70
2021-02-26,"3,012.95","1,268.79",134.96,212.64,0.74
2021-03-31,"3,061.42","1,304.30",142.09,203.65,0.75
2021-04-30,"3,147.86","1,359.55",148.80,199.62,0.73
2021-05-31,"3,203.92","1,395.60",147.45,189.44,0.66
2021-06-30,"3,296.68","1,366.25",150.61,196.86,0.68
2021-07-30,"3,202.32","1,325.04",153.09,195.81,0.70
2021-08-31,"3,199.27","1,285.15",148.23,198.61,0.92
2021-09-30,"3,068.82","1,347.72",153.09,191.27,1.04
2021-10-29,"2,970.68","1,364.50",154.06,189.44,1.12
2021-11-30,"2,839.01","1,261.92",146.98,197.69,1.26
2021-12-30,"2,977.65","1,299.02",153.70,195.32,1.29
2022-01-28,"2,663.34","1,422.88",153.20,182.57,1.50
2022-02-28,"2,699.18","1,446.61",155.16,188.07,1.50
2022-03-31,"2,757.65","1,436.84",162.28,191.96,1.51
2022-04-29,"2,695.05","1,520.57",165.21,190.45,1.72
2022-05-31,"2,685.90","1,506.38",161.67,188.81,1.96
2022-06-30,"2,332.64","1,535.61",154.51,182.85,2.04
2022-07-29,"2,451.50","1,465.58",157.73,177.64,2.73
2022-08-31,"2,472.05","1,482.79",158.30,185.21,2.92
2022-09-30,"2,155.49","1,558.47",153.97,196.28,3.24
2022-10-31,"2,293.61","1,556.28",150.05,202.74,3.96
2022-11-30,"2,472.53","1,577.74",151.64,190.65,4.03
2022-12-29,"2,236.40","1,593.14",152.58,185.19,3.98
2023-01-31,"2,425.08","1,552.93",154.39,174.82,3.63
2023-02-28,"2,412.85","1,516.02",157.19,174.06,3.59
2023-03-31,"2,476.86","1,413.75",159.35,181.75,3.59
2023-04-28,"2,501.53","1,428.15",154.82,184.85,3.52
2023-05-31,"2,577.12","1,411.24",155.47,182.97,3.76
2023-06-30,"2,564.28","1,443.00",158.38,190.45,3.75
2023-07-31,"2,632.58","1,423.48",143.63,203.64,3.74
2023-08-31,"2,556.27","1,417.53",151.11,199.22,3.69
2023-09-27,"2,465.07","1,497.89",148.10,191.07,3.83
2023-10-31,"2,277.99","1,604.21",149.13,174.52,3.82
2023-11-30,"2,535.29","1,541.75",142.35,178.79,3.84
2023-12-28,"2,655.28","1,518.41",140.15,177.46,3.83
2024-01-31,"2,497.09","1,602.87",146.06,175.07,3.68
2024-02-29,"2,642.36","1,647.21",139.59,186.94,3.69
2024-03-29,"2,746.63","1,557.53",135.57,192.65,3.64
2024-04-30,"2,692.06","1,626.55",136.83,197.77,3.57
2024-05-31,"2,636.52","1,694.84",140.84,203.14,3.61
2024-06-28,"2,797.82","1,780.07",133.53,219.15,3.60
2024-07-31,"2,770.69","1,814.56",129.99,219.71,3.50
2024-08-30,"2,674.31","1,783.60",126.54,211.12,3.52
2024-09-30,"2,593.27","1,733.75",127.43,204.30,3.53
2024-10-31,"2,556.15","1,745.10",125.90,212.99,3.43
2024-11-29,"2,455.91","1,860.23",124.76,214.03,3.29
2024-12-30,"2,399.49","1,838.73",128.46,219.46,3.39
2025-01-31,"2,517.37","1,793.23",124.68,225.08,3.03
2025-02-28,"2,532.78","1,738.37",126.78,218.00,2.89
2025-03-31,"2,481.12","1,880.10",123.33,216.54,2.84
2025-04-30,"2,556.61","1,859.19",130.03,228.35,2.71
2025-05-30,"2,697.67","1,973.53",127.72,239.28,2.59
2025-06-30,"3,071.70","2,030.57",119.04,241.93,2.56
2025-07-31,"3,245.44","1,979.15",113.82,226.37,2.51
2025-08-29,"3,186.01","1,975.48",113.48,224.41,2.53
2025-09-30,"3,424.60","1,915.72",109.13,224.84,2.57
2025-10-31,"4,107.50","1,824.08",92.91,227.66,2.55
2025-11-28,"3,926.59","1,878.44",93.30,228.41,2.80
2025-12-30,"4,214.17","1,927.96",91.35,238.29,2.81
2026-01-30,"5,224.36","1,888.84",80.12,272.24,2.73
2026-02-27,"6,244.13","2,082.91",72.08,303.87,2.81
2026-03-16,"5,549.85","1,984.08",78.35,296.29,2.82