Date,Q5_Return,RF,MKT,SMB,HML,MOM,Q5_Excess_Return,Top40_Return,Top40_Excess_Return
2010-01-31,0.01020369196696702,0.0024,-0.050142709936592575,0.020544427324088455,-0.011089000026184181,-0.03940462875333384,0.00780369196696702,0.025502271739882287,0.023102271739882288
2010-02-28,0.03817573228696092,0.0024,-0.007298809932415204,0.04579768495218928,-0.012709340041040629,0.010031347962382364,0.03577573228696092,0.09441959252918952,0.09201959252918952
2010-03-31,0.03544720183891292,0.0023166666666666665,0.059310846534301596,-0.019971126082772073,0.05163928930606776,0.040702314445331345,0.033130535172246255,-0.023410316772577433,-0.0257269834392441
2010-04-30,0.018743631618818757,0.002041666666666667,0.026732294404899156,-0.0012275963663146428,0.05201081274067265,0.07523858214042267,0.01670196495215209,0.03570758520727613,0.03366591854060946
2010-05-31,-0.1063049824426961,0.002041666666666667,-0.05963945255977393,-0.0002458210422812135,0.018823101630204286,0.04239638640145804,-0.10834664910936276,-0.1506422557566234,-0.15268392242329007
2010-06-30,-0.002367014308010895,0.00205,0.03270399847677063,-0.03454634865994588,0.01109947893121399,-0.0015964725558763604,-0.004417014308010895,-0.015967745127822397,-0.018017745127822397
2010-07-31,0.042168479935006165,0.002191666666666667,0.03375036914582711,-0.01515344454348655,0.03156804838159344,-0.033198812152592794,0.039976813268339496,0.061985616704625546,0.05979395003795888
2010-08-31,-0.0059034841772759306,0.0022166666666666667,-0.011640708773605036,-0.020170674941815347,-0.013926591691949763,-0.00984484523903284,-0.008120150843942598,0.017464875381997036,0.015248208715330369
2010-09-30,0.0589044688352649,0.0022166666666666667,0.07241251135657242,-0.046978094484032784,0.03392594820306982,0.0027839643652560753,0.056687802168598235,0.05955760980568492,0.057340943139018254
2010-10-31,0.08355437447826053,0.0022166666666666667,0.0031976572636841284,0.059540293547493794,0.013469670865683625,0.048306496390893905,0.08133770781159386,0.044203305262324744,0.04198663859565808
2010-11-30,-0.060360271050769465,0.002333333333333333,0.009180514618019685,-0.0649503397804495,0.01699966883761994,0.01112288135593209,-0.06269360438410279,-0.037275569358331206,-0.03960890269166454
2010-12-31,0.04950378010926504,0.002333333333333333,0.07451623849951614,-0.03871418588399711,0.02848149354173457,-0.026416223901818414,0.047170446775931706,0.03667103665410432,0.03433770332077099
2011-01-31,-0.007335260143702893,0.0025416666666666665,0.006590464001300143,0.001017737714451794,0.00014775101842667837,0.04565718677940045,-0.009876926810369559,-0.009129026652443528,-0.011670693319110194
2011-02-28,-0.04854725065337462,0.0026416666666666667,-0.06565954822609711,0.02367465504720423,-0.028511733918622273,0.008085857100852634,-0.051188917320041286,-0.04494614330551283,-0.0475878099721795
2011-03-31,0.052940414321077656,0.002825,0.08349480611560875,-0.04937570942111247,0.011806747333434675,0.08735598658305399,0.050115414321077655,-0.011448117004279055,-0.014273117004279055
2011-04-30,0.010644570370448305,0.00285,0.03781074903878114,-0.043582089552238856,-0.007868775026032337,0.08201448497854069,0.007794570370448305,-0.02049800440825011,-0.023348004408250113
2011-05-31,-0.07469689625884557,0.0028833333333333332,-0.025639632481283633,-0.02372034956304614,0.0352953906080935,0.03024480942051433,-0.0775802295921789,-0.04445652288272206,-0.047339856216055395
2011-06-30,-0.011025110968180265,0.0029749999999999998,-0.022475856488072092,0.002877237851662384,0.004650822516251596,-0.012452625879805002,-0.014000110968180265,-0.007689398038282502,-0.010664398038282502
2011-07-31,0.1005074588243231,0.0029916666666666668,0.012488961127058277,0.07076824992030617,0.0013419746793303933,-0.0015229044834308425,0.09751579215765643,0.07870421513929182,0.07571254847262515
2011-08-31,-0.12272339924619,0.0029916666666666668,-0.12163915097435324,0.030961595713009826,0.0034075797872341607,0.02879629064730649,-0.12571506591285667,-0.106280195635265,-0.10927186230193167
2011-09-30,-0.1243230782270289,0.002983333333333333,-0.06173521487217936,-0.03003176436615651,-0.04296777934233409,0.008776611516337685,-0.12730641156036224,-0.1055449649935582,-0.10852829832689154
2011-10-31,0.1636954997307571,0.0029749999999999998,0.07578633698753973,0.011461744566835241,-0.021280048467014367,-0.02051613661748286,0.16072049973075708,0.1510487301614782,0.1480737301614782
2011-11-30,0.008530051125411608,0.002958333333333333,-0.0351841233942543,0.03796909492273737,-0.0015917406347064622,0.024366822710358838,0.005571717792078275,0.03689189884600719,0.033933565512673854
2011-12-31,0.08837109199723603,0.002958333333333333,-0.014741760757271453,0.05983269530696167,0.011071377168605956,-0.015701898289196214,0.0854127586639027,0.08162869138038964,0.07867035804705631
2012-01-31,0.1185429381232978,0.00295,0.06828139110716759,-0.017658862876254067,0.015078348280279874,-0.07285714285714295,0.11559293812329781,0.135470436777501,0.132520436777501
2012-02-29,0.1544634705960521,0.00295,0.03512157210129919,0.07612692360070805,0.021801510248112166,-0.035374935798664575,0.15151347059605208,0.1672494957746555,0.1642994957746555
2012-03-31,-0.025790219330735553,0.002958333333333333,-0.010942571727619747,-0.025563148569982208,0.005437020301728213,0.027753743760399185,-0.028748552664068887,-0.035248010260643614,-0.03820634359397695
2012-04-30,-0.05038939919282048,0.00295,-0.018863288713233055,-0.028051948051947995,0.010647234239153258,0.06922678409532468,-0.053339399192820484,-0.04014806375163594,-0.04309806375163594
2012-05-31,-0.027831639447020273,0.00295,-0.07283935362943304,0.013762693746659505,-0.00717922077922073,-0.0015141420870934397,-0.030781639447020274,-0.04852405519920622,-0.05147405519920622
2012-06-30,0.06499494459229438,0.00295,0.002767478450964819,0.029787794912349952,0.0028464090247908302,0.0008492053863884408,0.06204494459229438,0.08160420430024029,0.0786542043002403
2012-07-31,0.0033850090793516863,0.0026666666666666666,0.012424945568434582,-0.029822091386151217,0.00853586000354789,0.01090909090909098,0.0007183424126850197,0.04348823804379087,0.04082157137712421
2012-08-31,0.0739564803703383,0.0026333333333333334,0.009656848867422173,0.04485488126649084,-0.022410992353774972,0.010071942446042925,0.07132314703700497,0.06132387585211907,0.058690542518785735
2012-09-30,0.062289978949945805,0.0025749999999999996,0.045238261106911974,0.007070707070707005,0.021940454896647976,0.004807692307692291,0.059714978949945804,0.05780599240998452,0.05523099240998452
2012-10-31,-0.036844412168422824,0.002375,-0.04452988350424057,0.02444834503510518,0.033938854136459806,0.027703939984641712,-0.039219412168422826,-0.055511459872544355,-0.05788645987254436
2012-11-30,-0.03701784123470142,0.002375,0.00852423956361205,-0.026802105005507282,-0.00714192701812022,0.04362570410392008,-0.03939284123470142,-0.07642084252470349,-0.0787958425247035
2012-12-31,0.029871815948032895,0.0024083333333333335,0.03078013994515995,-0.0472837022132796,0.040466101694915046,-0.05689265847882352,0.02746348261469956,0.05723155236569988,0.054823219032366546
2013-01-31,0.0451304765147873,0.0023666666666666667,-0.019947598541181482,0.05319429778247087,0.04088974217257668,-0.018804017752861446,0.04276380984812063,0.05735716879715391,0.05499050213048724
2013-02-28,0.04517303616478374,0.00235,0.030551108086893503,0.013535530768266746,-0.00811379811454338,0.045470777288417974,0.042823036164783744,0.06420664335436665,0.06185664335436666
2013-03-31,0.03413122941150437,0.002341666666666667,-0.013000490544405977,0.0598491405960182,0.008978464832780642,0.02294204713651382,0.031789562744837706,0.06187600412431982,0.05953433745765315
2013-04-30,0.027168225605488816,0.002341666666666667,-0.02276173958837311,0.07805390269513479,0.021818249513650523,0.10735154989147966,0.02482655893882215,0.020049638132395797,0.017707971465729132
2013-05-31,0.07908758631806423,0.0022416666666666665,0.01664883461900749,0.014610389610389518,-0.013418111261921939,-0.0674942205246758,0.07684591965139756,0.1299105452671707,0.12766887860050402
2013-06-30,-0.1328662956698146,0.0022416666666666665,-0.07107053151262252,-0.0381866666666667,0.010359728172551375,-0.010670978172999335,-0.13510796233648126,-0.1316430455538981,-0.13388471222056478
2013-07-31,0.04343960234300015,0.0022166666666666667,0.02499819712484528,0.020184096706221455,0.0230201231882734,-0.019828948085199083,0.041222935676333484,0.03702277335823001,0.034806106691563345
2013-08-31,-0.042184007883388386,0.0022166666666666667,0.004225238632623229,-0.038047613871072916,0.01759792755370948,-0.03323514700161179,-0.04440067455005505,-0.027907990937590332,-0.030124657604256998
2013-09-30,0.029634363943469744,0.0022166666666666667,0.03443276542287008,-0.014803932647756701,0.013685642803844988,-0.010520264443805605,0.02741769727680308,0.030411624141216453,0.028194957474549788
2013-10-31,-0.003863397570257221,0.0022083333333333334,0.014381883796704277,-0.02523514567561369,-0.013474894781509206,0.02672554032070651,-0.006071730903590554,0.0040976947223465565,0.001889361389013223
2013-11-30,-0.040070539073646216,0.0022083333333333334,0.005072132064752467,-0.03200753118380795,0.00994575045207946,0.026652331371661342,-0.04227887240697955,-0.03050608824193224,-0.03271442157526557
2013-12-31,-0.025547660361235236,0.0022166666666666667,-0.01861379704659296,-0.02309749574519826,0.03757464081146633,0.00033070605743268366,-0.0277643270279019,0.009844683168553914,0.007628016501887247
2014-01-31,0.03643236939379291,0.0022083333333333334,-0.03710546658778054,0.061846689895470375,-0.004481712935815119,0.01250757617499576,0.034224036060459574,0.032628282785497564,0.03041994945216423
2014-02-28,0.03326296554535957,0.0022083333333333334,0.01780042436184729,0.023438415563107995,0.011393566085207585,0.025576839355681447,0.031054632212026236,0.01864131735465757,0.01643298402132424
2014-03-31,0.038983182494824575,0.0022083333333333334,0.0006300648403947738,0.03561204626130765,0.006314843626500588,0.017616470338533308,0.03677484916149124,0.03268855797735504,0.030480224644021704
2014-04-30,0.04619440843425693,0.0022083333333333334,-0.014204646808789155,0.045444493586908496,0.01121932667504466,0.018145792053394505,0.043986075100923595,0.008086086938769332,0.005877753605435999
2014-05-31,-0.005287411754991478,0.0022083333333333334,0.014699694539170895,-0.0041248016922262876,0.0031559411000008364,0.035286284953395475,-0.007495745088324811,0.06589108050008208,0.06368274716674874
2014-06-30,-0.027048270851658507,0.0022083333333333334,0.0014258247450240967,-0.015505522514868253,0.030653245853539124,0.03789265396982433,-0.02925660418499184,-0.024499535446106613,-0.026707868779439946
2014-07-31,-0.008655062845573047,0.0022083333333333334,0.034705876464839615,-0.019848975188781037,0.05804390459922826,-0.003050378914255858,-0.01086339617890638,-0.020854526548336416,-0.02306285988166975
2014-08-31,0.04716508037066114,0.002,-0.00565104136562433,0.03797050407219893,0.004656342491554222,0.0367165463498591,0.04516508037066114,0.04894608338899964,0.04694608338899964
2014-09-30,0.00606889588419679,0.001958333333333333,-0.025380650523235397,0.039126285653695136,-0.021857029140225803,0.04390131427253863,0.004110562550863457,-0.00569989156484163,-0.007658224898174963
2014-10-31,-0.04429371112381486,0.0017833333333333336,-0.029336561159816286,0.007346938775510292,-0.016937808504650875,0.013650218668551428,-0.04607704445714819,-0.048719644202151136,-0.05050297753548447
2014-11-30,-0.0017110108339215555,0.0017749999999999999,0.006548024999618234,-0.020664505672609357,-0.0066458291426183536,-0.059487492373398454,-0.0034860108339215554,0.0008236006773174599,-0.00095139932268254
2014-12-31,0.026859970392166144,0.0017749999999999999,-0.034686277375579305,0.02927182457592048,-0.026449628100782774,-0.023075853760252008,0.025084970392166145,0.007690282818385574,0.005915282818385575
2015-01-31,0.08815084247406912,0.0017666666666666666,0.015810163448336995,0.04642749472414831,-0.04792038336306703,0.054878337997438686,0.08638417580740246,0.07600408393186207,0.07423741726519541
2015-02-28,0.07907800480956495,0.00175,0.016995575243938715,0.061557668299241364,0.03566957120890013,-0.0180755395683454,0.07732800480956495,0.1020801124847023,0.1003301124847023
2015-03-31,0.07313646328956747,0.0015416666666666669,0.026270801859871736,0.057626198661117956,0.007228974313207015,0.042174191775803616,0.0715947966229008,0.06977504331233786,0.0682333766456712
2015-04-30,0.0654291052225211,0.0015000000000000002,0.04070418122222602,0.012060559404670324,0.002537355511699868,0.018498176545542533,0.0639291052225211,0.1208638344884724,0.1193638344884724
2015-05-31,0.018234348527131017,0.0015000000000000002,-0.007315238086283592,0.06507775524002701,-0.054314639241523355,0.08075927523727344,0.016734348527131016,0.016458095969649866,0.014958095969649867
2015-06-30,-3.3811476010559005e-05,0.0013750000000000001,-0.02057303291091371,0.03174099349309634,-0.017527612574341656,0.08769758901484903,-0.0014088114760105591,-0.03824657051488389,-0.039621570514883894
2015-07-31,0.028770834232638043,0.0013666666666666664,-0.0225989489923825,0.02284263959390853,-0.010264880617795291,0.028257917721751236,0.027404167565971378,0.06490664919942657,0.0635399825327599
2015-08-31,-0.05700401316431114,0.0013583333333333331,-0.04503469381723611,-0.021806150838408977,-0.0011882918304936263,-0.02227060209143794,-0.05836234649764448,-0.07669639517654236,-0.0780547285098757
2015-09-30,0.07245754833283646,0.001325,0.009656256663696426,0.028211238373433645,0.028946585720034168,-0.0639532761452819,0.07113254833283646,0.0947144031658047,0.0933894031658047
2015-10-31,0.09098134415809178,0.0013083333333333334,0.032653181026182,0.00441088516746424,-0.009666476794504608,-0.011777093163826469,0.08967301082475845,0.1321311392421817,0.13082280590884837
2015-11-30,0.004131239116790031,0.0013833333333333334,-0.01986106397236713,-0.004242649795310749,-0.012164551963325887,0.034410638885600475,0.0027479057834566972,0.015467181804486474,0.01408384847115314
2015-12-31,0.054334583884061205,0.0013916666666666667,-0.01678346473591473,0.015772163253102045,0.006813303322354303,-0.008392782207301663,0.05294291721739454,0.04176471135462778,0.040373044687961115
2016-01-31,-0.02322900388074267,0.0013750000000000001,-0.026485767803152024,-0.019648244903966328,-0.02539424960941894,0.038779671450005715,-0.024604003880742673,0.02657383781708189,0.02519883781708189
2016-02-29,0.03523607984639199,0.0013583333333333331,0.0010474489119938373,0.006905869989491054,0.0741557509897175,-0.07103440613310608,0.03387774651305865,0.046967115849567254,0.04560878251623392
2016-03-31,0.1000674843912743,0.0013416666666666666,0.039974998782604264,0.03011778738631299,0.022525642294119796,-0.03073795000598023,0.09872581772460763,0.1074166407866994,0.10607497412003272
2016-04-30,0.08562309138246138,0.0013416666666666666,-0.0021934340840576803,0.03430308293530171,-0.004934847116501162,-0.025707469562356033,0.08428142471579471,0.1029860967090563,0.10164443004238963
2016-05-31,-0.005865957468100369,0.0013000000000000002,-0.006690767996389489,0.008606213266163065,-0.03157109980227546,0.03592687972305475,-0.007165957468100369,0.01449449927301294,0.013194499273012939
2016-06-30,-0.014978321365603398,0.0011416666666666667,-0.007721277436052624,0.004509191814082492,-0.00907052247548279,0.0037085337028281984,-0.016119988032270063,-0.01455353675113169,-0.015695203417798356
2016-07-31,0.1202862698125994,0.0011333333333333334,0.02213156884140731,0.05283149171270707,0.04998142268459094,-0.02050428356815126,0.11915293647926607,0.1212001031146785,0.12006676978134517
2016-08-31,-0.015372422238553396,0.0011166666666666666,0.00803921645942761,-0.04512955067235158,0.04759415487803875,0.019068147902503663,-0.01648908890522006,0.04594743413806501,0.044830767471398345
2016-09-30,0.07920692984277977,0.0011166666666666666,0.003296868830839005,0.03757642371367731,0.011208266480374096,0.010331923202082649,0.0780902631761131,0.1437228865273314,0.14260621986066474
2016-10-31,-0.0698547642288494,0.0011583333333333333,-0.01850002434393701,-0.048066737288135486,0.0763659553146423,-0.0212980111120058,-0.07101309756218273,-0.06116215524465918,-0.06232048857799251
2016-11-30,-0.02471453096382281,0.0012666666666666666,-0.01357127927802318,-0.008206982890527237,0.052123007476371885,0.02443539429840791,-0.025981197630489478,-0.01993599067529006,-0.021202657341956727
2016-12-31,0.0958220158245684,0.0012666666666666666,0.020402319156230447,0.03429172510518952,0.005262452235704096,-0.004015580452154333,0.09455534915790173,0.1061191371526069,0.10485247048594024
2017-01-31,0.004337133708457674,0.0012416666666666667,0.0190449415071933,-0.016882500508509146,0.024100563502384098,0.03374591783252012,0.0030954670417910075,0.02076204485261357,0.019520378185946905
2017-02-28,-0.000662308426281899,0.0012416666666666667,0.010400018983637656,-0.03751724137931034,0.008094081487800109,-0.04890795631825262,-0.0019039750929485658,0.004964935120272962,0.003723268453606295
2017-03-31,0.017470787656953313,0.0012083333333333332,0.03158411661025166,-0.005732301519060012,0.006885771128853024,0.022594931518084005,0.01626245432361998,0.027526334800217045,0.026318001466883713
2017-04-30,0.005702351868063893,0.001175,0.01975332707628367,-0.021836264053041177,-0.017135195473383047,-0.012150619561294485,0.004527351868063893,0.018368052465655316,0.017193052465655317
2017-05-31,0.03041213642207241,0.00115,0.0632090394660476,-0.037500920945995775,0.007858648756257747,-0.02455955183892189,0.029262136422072413,0.022605713435588592,0.021455713435588594
2017-06-30,-0.00684172988180809,0.00115,0.01776896497371537,0.0012247397428049034,0.02260201669570172,0.05709767364434648,-0.00799172988180809,-0.006605106268992245,-0.007755106268992245
2017-07-31,-0.058729631013745065,0.0011583333333333333,0.0034072848856574857,-0.03371559633027532,0.0328750292905049,0.034565568284713244,-0.059887964347078396,-0.06634528690756747,-0.0675036202409008
2017-08-31,0.002011664483950293,0.00115,-0.017598094027160963,0.015349315610412306,-0.02088391827925351,0.001179649149511075,0.0008616644839502929,0.014891158704975148,0.013741158704975148
2017-09-30,-0.07760142644384727,0.00115,0.012086345786838966,-0.07020961583417762,-0.018323459789837515,0.0362219688331431,-0.07875142644384726,-0.08821612954761315,-0.08936612954761315
2017-10-31,0.03300017792096788,0.0011666666666666665,0.052690763161228435,-0.04450217901441489,-0.04448201071701963,-0.052085243736932796,0.031833511254301214,0.04537339798896167,0.04420673132229501
2017-11-30,0.016099159857175582,0.0013666666666666664,-0.02001588618137477,0.04087360757828251,-0.04206640095602421,-0.00344387261540835,0.014732493190508915,0.007710611368035858,0.006343944701369192
2017-12-31,0.0022724345603744034,0.0013833333333333334,-0.004969227202181778,-0.011291817645571744,-0.027710020489803866,0.014522015997514792,0.00088910122704107,0.022123736816835216,0.020740403483501882
2018-01-31,0.1241833100141545,0.0013750000000000001,0.03873458504391104,0.0657973237876075,-0.036083434879220055,0.007692896509492009,0.1228083100141545,0.1325084574250163,0.1311334574250163
2018-02-28,-0.01201004732018962,0.0013750000000000001,-0.05557416928376045,0.00943622550979617,0.0009964603349295054,-0.0032663602871358943,-0.01338504732018962,-0.004890880422922739,-0.006265880422922739
2018-03-31,0.012220292933626364,0.0013750000000000001,0.00624232911475832,0.029390794581319657,-0.05185350271153699,0.03715276454673622,0.010845292933626365,0.033556215658350874,0.03218121565835087
2018-04-30,0.06837368468734129,0.0013750000000000001,0.027052744955741517,0.04071109742958279,0.041111024053905876,-0.043610845763832784,0.06699868468734128,0.043572598738584656,0.042197598738584655
2018-05-31,0.008790119843716804,0.0013750000000000001,-0.03809708572859759,0.042372254677216725,0.02001851336198124,0.0070684952556565595,0.007415119843716803,0.03607685210769107,0.03470185210769107
2018-06-30,-0.07782453605097615,0.0013750000000000001,-0.041358326523621466,-0.05930760499432475,-0.025970768129735644,-0.03559031089071141,-0.07919953605097615,-0.08140991499088202,-0.08278491499088202
2018-07-31,-0.01348300597565122,0.0013750000000000001,-0.014645969378323615,0.005505279034691002,0.03155654196050506,-0.041689739735780384,-0.01485800597565122,-0.0066777577832561885,-0.008052757783256188
2018-08-31,0.029513525569985433,0.0013750000000000001,0.010658495116021698,0.004725118127953065,-0.03877870218749768,0.039252105002476334,0.02813852556998543,0.02448644609109918,0.023111446091099178
2018-09-30,0.00035834972917614394,0.0013750000000000001,0.0073167963906874,-0.010674828306957318,0.0038120120395410684,0.010286349735890932,-0.0010166502708238562,-0.002293942615186229,-0.003668942615186229
2018-10-31,-0.2279923809243212,0.0014166666666666668,-0.13516427130502578,-0.065796423451294,0.08467211056232449,-0.08786068087113763,-0.22940904759098787,-0.2393002931809136,-0.24071695984758026
2018-11-30,0.1332226984153002,0.0015833333333333333,0.03151039033875452,0.03788062353606336,-0.022402772807959215,0.014093005214842913,0.13163936508196689,0.1324230235339591,0.13083969020062577
2018-12-31,0.025027608848407157,0.0016083333333333331,-0.028229090083903296,-0.00568093385214008,0.03518164984856531,-0.009307267318316992,0.023419275515073824,0.04491933555311811,0.043311002219784775
2019-01-31,0.1481322676357932,0.0015500000000000002,0.07870810371183307,0.0434374266259685,0.039386838237333466,-0.037321436231821936,0.1465822676357932,0.1397807452641519,0.1382307452641519
2019-02-28,0.0008470819889936365,0.001575,-0.005842864027031276,-0.02025202520252012,-0.03493266274004958,-0.0364511385410633,-0.0007279180110063635,0.02208688272430104,0.02051188272430104
2019-03-31,0.009317420401883767,0.0015833333333333333,-0.02653049654435253,0.035140101056499784,-0.015862593309372452,0.027147019377514736,0.007734087068550434,0.06343173142255831,0.06184839808922498
2019-04-30,0.0796982049003172,0.0015333333333333334,0.027859333448562004,0.019081428888395813,-0.004846016083154714,-0.021521837010355704,0.07816487156698387,0.09711267310507445,0.09557933977174111
2019-05-31,-0.06665944023108561,0.0015333333333333334,-0.07498166083527341,0.04470571159010084,0.03149722996577142,0.03856064789250868,-0.06819277356441894,-0.03790354854983535,-0.039436881883168684
2019-06-30,0.05704246688056536,0.0014833333333333332,0.04204816431083275,0.014032650225772825,0.03588582219242187,0.0011519716437751182,0.05555913354723202,0.051322053906335485,0.04983872057300215
2019-07-31,-0.08593503551728708,0.00125,-0.05103363105574901,-0.0467904363910393,0.009762025851535183,-0.0068153655514251454,-0.08718503551728708,-0.07806005522972925,-0.07931005522972925
2019-08-31,-0.007724780070280213,0.0012416666666666667,-0.029277526487367558,0.013295960902688142,0.004761873614118173,0.02205685767756882,-0.00896644673694688,-0.0006520893328397781,-0.0018937559995064448
2019-09-30,0.06321146185057236,0.0012916666666666667,0.047117970540555804,-0.01461096531668915,0.020643321680370308,-0.024632689540916464,0.061919795183905696,0.04645336899818786,0.0451617023315212
2019-10-31,0.010386960608165465,0.0012,0.008702813795109156,-0.019938098322896503,-0.08511927541778286,-0.06311460754514575,0.009186960608165465,-0.008104734060520369,-0.009304734060520368
2019-11-30,0.04802392109653408,0.001275,0.0008752486224969085,-0.005875440658049236,0.036148778192212516,-0.011879770992366367,0.04674892109653408,0.04529520591602876,0.04402020591602876
2019-12-31,0.038046206949371886,0.001275,0.051269110040422256,-0.022089243498818023,-0.012380567891266403,0.0325913765631789,0.03677120694937189,0.05463795495804935,0.05336295495804935
2020-01-31,-0.004870957150491129,0.0011833333333333333,-0.03697578624937616,0.01322051824431525,-0.04269655266385053,0.04395398859066679,-0.006054290483824462,-0.00025855352014991784,-0.0014418868534832512
2020-02-29,-0.06034591040562609,0.001175,-0.06346824071146447,-0.009767372502236804,-0.029321130429213027,0.029024455791454074,-0.06152091040562609,-0.03795922167582644,-0.03913422167582644
2020-03-31,-0.2060052410016836,0.0009166666666666668,-0.11786122155063804,-0.03094646487463304,-0.15813861415175268,-0.0005223295899713376,-0.20692190766835028,-0.2530128025281246,-0.25392946919479126
2020-04-30,0.2453020580772198,0.0009166666666666668,0.1090318127935075,0.06721056721056717,0.02899219675329201,-0.04751328281508582,0.24438539141055313,0.2638981244784428,0.2629814578117761
2020-05-31,0.09600776537569344,0.0006750000000000001,0.04144950450820504,0.038587550054605124,-0.03487850498929357,0.008961638699647834,0.09533276537569345,0.052871519568821856,0.052196519568821854
2020-06-30,-0.01618596252561233,0.0006583333333333334,0.03813256142425435,-0.0405888538380651,-0.07219903185070853,0.06371504962160701,-0.016844295858945663,-0.008629828102476589,-0.009288161435809923
2020-07-31,0.1170044760993105,0.0006500000000000001,0.06624654845304105,0.021847143065906627,0.008308207071900497,0.01422911430153806,0.1163544760993105,0.1114044314078785,0.1107544314078785
2020-08-31,0.038896702977757824,0.000525,0.03361789334346954,-0.008509116910976,-0.007124243049175916,0.022220355357668087,0.03837170297775783,0.07159843559434997,0.07107343559434998
2020-09-30,0.062079851121032315,0.000525,0.00021441285460632503,0.051420741381797086,0.028021677146471635,-0.04770710059171601,0.06155485112103232,0.05385746522840673,0.053332465228406734
2020-10-31,-0.0021826030930567346,0.000525,-0.026617298175600993,0.0007545099115167098,0.059621989971162526,-0.04478964401294494,-0.0027076030930567345,0.008925018508009419,0.00840001850800942
2020-11-30,0.1106567359775416,0.00055,0.1424445085239177,-0.016792323509253082,0.015531557142609564,-0.009396033789583091,0.1101067359775416,0.1137576225414895,0.1132076225414895
2020-12-31,0.0683687085615341,0.00055,0.1083241732076839,-0.053537818055071296,-0.00770675087479733,0.018240685849787885,0.0678187085615341,0.06301270269248671,0.06246270269248671
2021-01-31,0.043087217146151824,0.0005833333333333333,0.03517134654848202,-0.022538115931354463,0.053445947689370055,0.00295579739352414,0.04250388381281849,0.121521446950221,0.12093811361688767
2021-02-28,0.02501868018892184,0.0006166666666666667,0.011727892353026003,0.016954261170974316,0.03590761015994315,-0.05050234427327527,0.024402013522255173,0.01495267895606256,0.014336012289395893
2021-03-31,0.1123180985582599,0.000625,0.015462223485288681,0.052830468286899857,0.027987294981833166,-0.04227802859292695,0.1116930985582599,0.08258051858967842,0.08195551858967842
2021-04-30,0.09132291593940578,0.0006083333333333333,0.0276269300411791,0.047223590681962246,0.042359886529172774,-0.019788853424993813,0.09071458260607244,0.08197227257464612,0.08136393924131279
2021-05-31,0.04347143538027142,0.00055,0.017258924157999286,-0.009072580645161477,0.026516126659556383,-0.050996894098787715,0.04292143538027142,0.05813931204781153,0.05758931204781153
2021-06-30,0.09124170439977221,0.0005666666666666667,0.028385367091978857,0.021430993557138178,-0.021030381198051007,0.03916807432432434,0.09067503773310553,0.08089228923490155,0.08032562256823489
2021-07-31,-0.007827507170026338,0.0005833333333333333,-0.029206068933998193,0.016466370094947225,-0.030162854528819838,-0.005333739713502039,-0.008410840503359671,0.007543350975441677,0.006960017642108344
2021-08-31,-0.05057425326240994,0.0007666666666666667,-0.0017191011516651546,-0.031746031746031855,-0.030104751554669962,0.014299576119708002,-0.051340919929076606,-0.02195861064341809,-0.022725277310084755
2021-09-30,-0.029230172788971553,0.0008666666666666666,-0.04164159344683836,0.032786885245901676,0.04868692370540395,-0.03695685010825234,-0.030096839455638222,-0.04127209704528734,-0.042138763711954005
2021-10-31,0.0012989641940126528,0.0009333333333333334,-0.03291305192223736,0.006336142138611223,0.012450657406583021,-0.009567626914832483,0.0003656308606793194,-0.02659150559461332,-0.027524838927946653
2021-11-30,-0.1055151454803915,0.00105,-0.04537318526397983,-0.04595612099182145,-0.07517772077684126,0.04354940878378377,-0.10656514548039149,-0.07547694721863996,-0.07652694721863995
2021-12-31,0.1481626602257575,0.001075,0.04775892450185098,0.04572050619131862,0.029399644985419027,-0.011988466791441166,0.1470876602257575,0.1389225239877285,0.1378475239877285
2022-01-31,-0.0723272105701116,0.00125,-0.10680639514382143,-0.003253090435914152,0.09534880140413549,-0.06527749334425559,-0.0735772105701116,-0.08547470713178539,-0.08672470713178539
2022-02-28,0.03982250735021142,0.00125,0.012206787342209343,0.012793733681462305,0.016677442932643505,0.03012543134140322,0.03857250735021142,0.04853903112516722,0.04728903112516722
2022-03-31,0.1034648975001302,0.0012583333333333333,0.020403801092677726,0.04588811549368388,-0.00675372076786418,0.020683787951294885,0.10220656416679687,0.1163043452687964,0.11504601193546307
2022-04-30,0.010310394670828948,0.0014333333333333333,-0.0241338210674547,0.018055213211732868,0.05827371175635432,-0.007866222129610412,0.008877061337495615,0.018913529069932267,0.01748019573659893
2022-05-31,-0.006780475890067583,0.0016333333333333332,-0.005028446596538185,-0.021427274378064354,-0.009332026805737192,-0.008611184037805142,-0.008413809223400917,0.006666603307988739,0.005033269974655406
2022-06-30,-0.1808764338467197,0.0017000000000000001,-0.13322388398674564,-0.04428774664439905,0.01940413441495492,-0.03156612467559983,-0.1825764338467197,-0.1736244012511964,-0.17532440125119642
2022-07-31,0.1149626944811181,0.002275,0.04868014095616993,0.020840075076046904,-0.045604027064163444,-0.028493300519551568,0.1126876944811181,0.101517982936828,0.099242982936828
2022-08-31,-0.000660525815053381,0.0024333333333333334,0.00594928955061542,0.0036137703670831023,0.011742791249880646,0.04261427606394963,-0.0030938591483867144,-0.0037412251576032234,-0.006174558490936557
2022-09-30,-0.1765771566546627,0.0027000000000000006,-0.13075566230456523,-0.02735312697409986,0.051038919874021316,0.05976999082122991,-0.1792771566546627,-0.166458023873088,-0.169158023873088
2022-10-31,0.04605475085217891,0.0032999999999999995,0.06077823743093233,-0.025459505098395674,-0.0014052243546555099,0.032912166293050715,0.04275475085217891,0.04822762748765808,0.044927627487658085
2022-11-30,0.1181601900763633,0.0033583333333333334,0.07464969767455389,0.010596467844051771,0.013789292415246734,-0.059633027522935755,0.11480185674302996,0.120620524443302,0.11726219110996866
2022-12-31,-0.05934859553031546,0.003316666666666667,-0.09881803570971173,0.006198892112899035,0.009760797089507944,-0.028638867033831672,-0.06266526219698212,-0.02682204770972596,-0.030138714376392626
2023-01-31,0.1578045258451346,0.003025,0.08134273385798602,0.011862629440293482,-0.025239464202769346,-0.05599654408985366,0.1547795258451346,0.1447067933639913,0.1416817933639913
2023-02-28,0.014537621661483646,0.0029916666666666668,-0.008034799264354183,0.018135889630157553,-0.02376797408769238,-0.004347328680928908,0.01154595499481698,0.007117309321408749,0.004125642654742082
2023-03-31,-0.017596269694769018,0.0029916666666666668,0.023537127083462842,0.013741332145810858,-0.0674595321961452,0.04418016775824429,-0.020587936361435685,-0.016527267152474767,-0.019518933819141434
2023-04-30,0.0009825098857856318,0.0029333333333333334,0.007026858199494456,-0.028427988704110452,0.010185676392572951,0.017056396148555697,-0.0019508234475477016,-0.023442620081885912,-0.026375953415219245
2023-05-31,0.08363691606416834,0.003133333333333333,0.027084173552452396,0.004198423976230492,-0.011840492945419001,-0.01017040843927508,0.08050358273083501,0.07539302524147229,0.07225969190813895
2023-06-30,0.016175413603749078,0.0031249999999999997,-0.008107305829763333,0.018717437447739016,0.02250503103653534,0.0408810187462425,0.013050413603749079,0.01747656128144448,0.014351561281444481
2023-07-31,-0.07432872425220005,0.003116666666666667,0.023518490180479457,-0.09313044576335394,-0.013527373527373543,0.06925702284064061,-0.07744539091886672,-0.07806449980109031,-0.08118116646775698
2023-08-31,0.03252152647894557,0.003075,-0.03206177343138667,0.05207825663162313,-0.004179897153454903,-0.02170496955411505,0.02944652647894557,0.0102123800437246,0.007137380043724601
2023-09-30,-0.04912870442808526,0.003191666666666667,-0.03886864914504325,-0.019919264112236212,0.056690158232982846,-0.04090954723421347,-0.052320371094751926,-0.05212940731048321,-0.05532107397714988
2023-10-31,-0.07558469274045232,0.003183333333333333,-0.07907570150137734,0.006954760297096518,0.07097984498194121,-0.08661747003715903,-0.07876802607378565,-0.07559969113093612,-0.07878302446426945
2023-11-30,0.1107410667230259,0.0031999999999999997,0.10975045193350295,-0.04546368939851142,-0.03893505214404602,0.024467109786843855,0.10754106672302591,0.1322752578494035,0.1290752578494035
2023-12-31,0.03500735260636523,0.003191666666666667,0.044136252427401636,-0.015454864769933185,-0.015138641154532118,-0.007438894792773598,0.03181568593969856,0.033547889011062315,0.03035622234439565
2024-01-31,-0.014631574138054604,0.0030666666666666668,-0.06264230464081633,0.04216910453085987,0.055623975079194476,-0.013467823734926276,-0.01769824080472127,-0.028052858749772706,-0.03111952541643937
2024-02-29,0.008627100868729087,0.003075,0.05510071653404552,-0.04429686430234148,0.027662879709521082,0.06780145084823208,0.005552100868729088,0.003727283881614252,0.0006522838816142521
2024-03-31,-0.004394623680335608,0.0030333333333333336,0.03642760310227733,-0.028798624543305507,-0.05444357428621738,0.030544559751792155,-0.007427957013668942,0.0012022314113877552,-0.0018311019219455784
2024-04-30,-0.02601561430147914,0.0029749999999999998,-0.022842983674539456,0.009294091613188948,0.0443137531861344,0.02657669348559577,-0.028990614301479138,-0.054252589639595006,-0.057227589639595004
2024-05-31,0.01605651651079798,0.0030083333333333333,-0.02363937424624013,0.029306438646495625,0.04198456856536836,0.027152753198159463,0.013048183177464647,0.014621758749249205,0.011613425415915871
2024-06-30,-0.03300015878824114,0.0030000000000000005,0.05817913006538922,-0.051902868503266086,0.050287932784215617,0.07881264152801037,-0.03600015878824114,-0.04538883819803052,-0.048388838198030526
2024-07-31,-0.014956575859419008,0.002916666666666667,-0.012613502059937153,-0.026510896427768937,0.01937564253091173,0.0025553274013232485,-0.017873242526085676,-0.0315716014013655,-0.034488268068032166
2024-08-31,-0.04792563264052341,0.0029333333333333334,-0.03771889216524892,-0.02654050311562428,-0.017061987479058294,-0.03909699148878065,-0.050858965973856744,-0.0768338752649309,-0.07976720859826424
2024-09-30,0.001868356972824836,0.0029416666666666666,-0.03324481028128128,0.00703334913861231,-0.027949091724601915,-0.03230390299355812,-0.0010733096938418307,-0.010256340163543933,-0.0131980068302106
2024-10-31,-0.02574108437411704,0.002858333333333334,-0.017172307582061713,-0.012006591854351378,0.006546503244412305,0.04253548702887899,-0.028599417707450375,-0.011121498868318149,-0.013979832201651483
2024-11-30,-0.05022938951766154,0.0027416666666666666,-0.04195689269017869,-0.009054805401112032,0.06597329665921725,0.0048828583501572265,-0.05297105618432821,-0.04554417255850518,-0.04828583922517185
2024-12-31,0.017390257996308778,0.0028666666666666667,-0.025839821220375963,0.02965694132734864,-0.011557710605677785,0.025370275195066183,0.014523591329642111,0.007399237333233443,0.004532570666566776
2025-01-31,0.05595180224248608,0.002525,0.04660210617672933,-0.0294255021018216,-0.024745340533955495,0.02560831130957797,0.05342680224248608,0.06578391391735883,0.06325891391735883
2025-02-28,0.039565135963220976,0.0024083333333333335,0.003713134706724531,0.01684311838306063,-0.030592840851424552,-0.031455482495112874,0.037156802629887645,0.0514092721608399,0.04900093882750657
2025-03-31,-0.06194969066959155,0.0023666666666666667,-0.022763226967995747,-0.027212494084240424,0.08153039916703575,-0.006697247706422105,-0.06431635733625822,-0.05173814480014172,-0.054104811466808386
2025-04-30,0.104516716187847,0.002258333333333333,0.02816744212291225,0.05432579258898884,-0.01112174884314654,0.05453957698346734,0.10225838285451366,0.0914046974868452,0.08914636415351186
2025-05-31,0.020652426668811508,0.0021583333333333333,0.0530162924406407,-0.017765131123586908,0.06149990049430132,0.04786511933435511,0.018494093335478176,0.0455288952223023,0.04337056188896897
2025-06-30,0.0577899488602962,0.0021333333333333334,0.13651594548876123,-0.06796116504854366,0.028902524917280292,0.011074891340688842,0.05565661552696287,0.043304547725438125,0.04117121439210479
2025-07-31,0.013575162505844895,0.0020916666666666666,0.05446984650193703,-0.04385080645161299,-0.025322938879230872,-0.06431612449882196,0.011483495839178228,0.03299382892693492,0.030902162260268255
2025-08-31,-0.017899066860030288,0.002108333333333333,-0.020420180109117125,-0.002987172728870058,-0.0018543314048961035,-0.008658391129566678,-0.020007400193363622,-0.03448208571026312,-0.03659041904359645
2025-09-30,0.011803434807959643,0.0021416666666666663,0.07274510393355098,-0.03833274585830104,-0.030250875736529848,0.0019161356445791533,0.009661768141292977,0.021857265777572632,0.019715599110905965
2025-10-31,-0.02723420350454475,0.0021249999999999997,0.19728515009052167,-0.14863007422340324,-0.04783580063892434,0.012542252268279652,-0.02935920350454475,-0.017530682223802274,-0.019655682223802273
2025-11-30,-0.00927711266438902,0.002333333333333333,-0.046377155609657085,0.004197610590894518,0.0298013245033113,0.003294386365632951,-0.011610445997722353,-0.020782494798990636,-0.02311582813232397
2025-12-31,0.023250737530501775,0.0023916666666666665,0.07084745430089047,-0.020900321543408373,0.026362300632439606,0.043255549231644874,0.020859070863835108,0.004278544269912921,0.001886877603246254
2026-01-31,0.04660077151557562,0.002275,0.23743768363639808,-0.12293377120963322,-0.02029087740409563,0.1424734567124093,0.044325771515575624,0.030537403412651543,0.028262403412651543
2026-02-28,-0.007453930556632349,0.002341666666666667,0.19285353427660692,-0.10034947578632059,0.1027456004743652,0.11618424919188941,-0.009795597223299016,0.018933374299795913,0.016591707633129248
